{
  "project_info": {
    "project_number": "230632011733",
    "project_id": "tetris-tower-6740b",
    "storage_bucket": "tetris-tower-6740b.firebasestorage.app"
  },
  "client": [
    {
      "client_info": {
        "mobilesdk_app_id": "1:230632011733:android:cb92b0783c614948102f5c",
        "android_client_info": {
          "package_name": "com.intern.tetristower"
        }
      },
      "oauth_client": [
        {
          "client_id": "230632011733-ln5g9n7dgubbskktfggu6an3fcdpdu00.apps.googleusercontent.com",
          "client_type": 3
        }
      ],
      "api_key": [
        {
          "current_key": "AIzaSyDV6STmpuqcqyU1dVzr58T21u-4w_GkNlY"
        }
      ],
      "services": {
        "appinvite_service": {
          "other_platform_oauth_client": [
            {
              "client_id": "230632011733-ln5g9n7dgubbskktfggu6an3fcdpdu00.apps.googleusercontent.com",
              "client_type": 3
            }
          ]
        }
      }
    }
  ],
  "configuration_version": "1"
}